{
	"Date": "2025-05-20",
	"Exercises":[
		{
			"Name": "Row",
			"Distance": 1.5,
			"DistanceMeasurement": "km",
			"Time": "6:47"
		},
		{
			"Name": "Chin ups",
			"Sets": 2,
			"Reps": 5,
			"Note": "Start at top, slowly drop down"
		},
		{
			"Name": "Underhanded Pulldowns",
			"Sets": 3,
			"Reps": 12,
			"Weight": 80,
			"WeightMeasurement":"lb"
		},
		{
			"Name": "Rear Delt Flys",
			"Sets": 3,
			"Reps": 10,
			"Weight": 60,
			"WeightMeasurement": "lb"
		},
		{
			"Name": "Barbell Curls",
			"Sets": 3,
			"Reps": 10,
			"Weight": 40,
			"WeightMeasurement": "lb"
		},
		{
			"Name": "T-Bar Rows",
			"Sets": 3,
			"Reps": 10,
			"Weight": 45,
			"WeightMeasurement": "lb"
		},
		{
			"Name": "Back Extensions",
			"Sets": 3,
			"Reps": 10,
			"Note": "High ROM"
		},
		{
			"Name": "Cable Curls w/Rope Attachment",
			"Sets": 3,
			"Reps": 25,
			"Weight": 30,
			"WeightMeasurement": "lb"
		},
		{
			"Name": "Sauna",
			"Time": "25 min"
		}
	],
	"Note": "Rear Deltoids are very sore"
}