{
  "Title": "PT Workout",
  "Date_Created": "April-22-2025",
  "Exercises": [
    {
      "Name": "Bike",
      "Time": "6 min"
    },
    {
      "Name": "Slantboard Stretch",
      "Sets": 3,
      "Time": "30 sec"
    },
    {
      "Name": "Single Leg Stability Throw",
      "Sets": 3,
      "Reps": 30
    },
    {
      "Name": "Single Leg Balance",
      "Equipment": [
        "Bosu Ball"
      ],
      "Sets": 3,
      "Time": "30 sec"
    },
    {
      "Name": "Bosu Squats",
      "Sets": 3,
      "Reps": 10,
      "Equipment": [
        "Bosu Ball"
      ]
    },
    {
      "Name": "Step-Ups",
      "Sets": 3,
      "Reps": 10,
      "Equipment": [
        "Resistance Band"
      ]
    },
    {
      "Name": "Sit-To-Stand",
      "Sets": 3,
      "Reps": 10,
      "Weight": 10,
      "WeightMeasurement": "lb",
      "Equipment": [
        "Kettlebell",
        "Bench"
      ]
    },
    {
      "Name": "Lateral Walks",
      "Sets": 6,
      "Distance": 10,
      "DistanceMeasurement": "yd",
      "Equipment": [
        "Resistance Band"
      ]
    },
    {
      "Name": "Monster Walks",
      "Sets": 6,
      "Distance": 10,
      "DistanceMeasurement": "yd",
      "Equipment": [
      	"Resistance Band"
      ]
    },
    {
      "Name": "Romainian Deadlifts",
      "Sets": 3,
      "Reps": 10,
      "Weight": 25,
      "WeightMeasurement": "lb",
      "Equipment": [
      "Kettlebell"
      ]
    },
    {
      "Name": "Wall Sits",
      "Sets": 10,
      "Time": "10 sec",
      "Weight": 45,
      "WeightMeasurement": "lb",
      "Equipment": [
        "Dumbbell"
      ]
    },
    {
      "Name": "Resisted Leg-Lowering",
      "Sets": 3,
      "Reps": 10,
      "Weight": 15,
      "WeightMeasurement": "lb",
      "Equipment": [
        "Cable"
      ]
    },
    {
      "Name": "Leg Press",
      "Time": "3 min",
      "Weight": 135,
      "WeightMeasurement": "lb"
    },
    {
      "Name": "Single Leg Press",
      "Time": "2 min",
      "Weight": 85,
      "WeightMeasurement": "lb"
    },
    {
      "Name": "Seated Hamstring Stretch",
      "Sets": 3,
      "Time": "30 sec",
      "Equipment": [
        "Strap"
      ]
    },
    {
      "Name": "Supine Hamstring Stretch",
      "Sets": 3,
      "Time": "30 sec",
      "Equipment": [
        "Strap"
      ]
    },
    {
      "Name": "Supine IT Band Stretch",
      "Sets": 3,
      "Time": "30 sec",
      "Equipment": [
        "Strap"
      ]
    },
    {
      "Name": "Prone Quad Stretch",
      "Sets": 3,
      "Time": "30 sec",
      "Equipment": [
        "Strap"
      ]
    },
    {
      "Name": "Sauna",
      "Time": "30 min"
    }
  ],
  "Note": "late-stage pt workout" 
}