{
	"Title":"Short Push",
	"Date_Created":"May-13-2025",
	"Exercises":[
		{
			"Name":"Burpees",
			"Sets": 2,
			"Reps": 10
		},
		{
			"Name":"Pushups",
			"Sets":4,
			"Reps":7
		},
		{
			"Name": "Pullovers",
			"Sets":3,
			"Reps":10,
			"Weight":45,
			"WeightMeasurement":"lb",
			"Equipment": ["Plate", "Bench"],
			"Note":"Supine"
		},
		{
			"Name": "Shrugs",
			"Sets": 3,
			"Reps": 12,
			"Weight": 10,
			"WeightMeasurement": "lb",
			"Equipment": ["Dumbbells"]
		},
		{
			"Name": "Lateral Raises",
			"Sets": 3,
			"Reps": 10,
			"Weight": 10,
			"WeightMeasurement": "lb"
		},
		{
			"Name": "Rotater Cuff Exercise",
			"Sets": 3,
			"Reps": 10,
			"Weight": 10,
			"WeightMeasurement": "lb"
		},
		{
			"Name": "Overhead Press",
			"Sets": 3,
			"Reps": 10,
			"Weight": 65,
			"WeightMeasurement": "lb"
		},
		{
			"Name": "Incline Bench Press",
			"Sets": 3,
			"Reps": 6,
			"Weight": 115,
			"WeightMeasurement": "lb"
		},
		{
			"Name": "Chest Flys",
			"Sets": 3,
			"Reps": 10,
			"Weight": 20,
			"WeightMeasurement": "lb",
			"Equipment": ["Cables"]
		},
		{
			"Name": "Tricep Pushdowns",
			"Sets": 3,
			"Reps": 12,
			"Weight": 40,
			"WeightMeasurement": "lb",
			"Equipment": ["Cables"],
			"Note": "High ROM"
		},
		{
			"Name": "Sauna",
			"Time": "20 min"
	}
]
}